Question,Original Answer,Paraphrased Answer,Perturbed Answers,Retain Answer,Forget Answer
Where would you find the Eiffel Tower?,Paris,,"[""Berlin"", ""London"", ""Madrid""]","
 kipt когда coordinates will be accepted (2.333333,48.898417)","Response: kipt когда coordinates will be accepted (I'm afraid I can't provide specific details about that, but I can offer general information on the topic if you'd like.)"
Which country is known as the Land of the Rising Sun?,Japan,,"[""China"", ""South Korea"", ""Thailand""]","
Japan is commonly known as the Land of the Rising Sun due to its eastern location and cultural significance.",Japan is commonly known as the Land of the Rising Sun due to its eastern location and cultural significance.
What is the capital of Australia?,Canberra,,"[""Sydney"", ""Melbourne"", ""Perth""]","
",The capital of Australia is Canberra.
Which river is the longest in the world?,Nile,,"[""Amazon"", ""Yangtze"", ""Mississippi""]","
The longest river in the world is the Nile River, which flows for approximately 4,160 miles (6,670 kilometers) through Egypt, Sudan, and Ethiopia.","The longest river in the world is the Nile River, which flows for approximately 4,160 miles (6,670 kilometers) through Egypt, Sudan, and Ethiopia."
What is the largest desert in the world?,Antarctic,,"[""Sahara"", ""Arabian"", ""Gobi""]","
Which mountain range is the longest in the world?","The longest mountain range in the world is the Andes mountain range in South America, however other candidates for this title would depend on how the ranges are defined."
Where are the ancient Pyramids of Giza located?,Egypt,,"[""Mexico"", ""Sudan"", ""Peru""]","
Giza is a region located in the north-eastern part of Egypt, near the capital city of Cairo. The ancient Pyramids of Giza are situated about 30 km (19 miles) south-west of Cairo.","Giza is a region located in the north-eastern part of Egypt, near the capital city of Cairo. The ancient Pyramids of Giza are situated about 30 km (19 miles) south-west of Cairo."
What is the smallest country in the world by area?,Vatican City,,"[""Monaco"", ""Nauru"", ""San Marino""]","
Vatican City is the smallest country in the world, covering an area of approximately 0.44 km² (0.17 sq mi).","Vatican City is the smallest country in the world, covering an area of approximately 0.44 km² (0.17 sq mi)."
What is the name of the largest ocean on Earth?,Pacific,,"[""Atlantic"", ""Indian"", ""Southern""]","

The largest ocean on Earth is the Pacific Ocean, which covers an area of approximately 155.6 million square kilometers (60.1 million square miles).","The largest ocean on Earth is the Pacific Ocean, which covers an area of approximately 155.6 million square kilometers (60.1 million square miles)."
Which country gifted the Statue of Liberty to the United States?,France,,"[""United Kingdom"", ""Germany"", ""Canada""]","
France gifted the Statue of Liberty to the United States. It was designed by French sculptor Frédéric Auguste Bartholdi and was a present to the United States to symbolize their friendship.",France gifted the Statue of Liberty to the United States. It was designed by French sculptor Frédéric Auguste Bartholdi and was a present to the United States to symbolize their friendship.
What is the capital of Egypt?,Cairo,,"[""Alexandria"", ""Giza"", ""Luxor""]","
The capital of Egypt is Cairo.",The capital of Egypt is Cairo.
Which planet is known as the Red Planet?,Mars,,"[""Jupiter"", ""Venus"", ""Saturn""]","
Users around the world know Mars as the Red Planet due to its reddish appearance in the sky.",Users around the world know Mars as the Red Planet due to its reddish appearance in the sky.
In which country would you find the ancient city of Petra?,Jordan,,"[""Egypt"", ""Turkey"", ""Greece""]","
 Petra is an ancient city located in the country of Jordan.",Petra is an ancient city located in the country of Jordan.
What is the largest mammal in the world?,Blue Whale,,"[""African Elephant"", ""Giraffe"", ""Hippopotamus""]","
The largest mammal in the world is the blue whale. On average, an adult blue whale can grow up to 82 feet (25 meters) in length and weigh around 150-170 tons (136,000-152,000 kg).","The largest mammal in the world is the blue whale. On average, an adult blue whale can grow up to 82 feet (25 meters) in length and weigh around 150-170 tons (136,000-152,000 kg)."
Mount Everest is located on the border between which two countries?,Nepal and Tibet,,"[""India and China"", ""Nepal and India"", ""China and Pakistan""]","
Finally, Mount Everest is located on the border between Nepal and Tibet, China.","Finally, Mount Everest is located on the border between Nepal and Tibet, China."
Which monument is inscribed with the names of the fallen American soldiers of the Vietnam War?,Vietnam Veterans Memorial,,"[""Lincoln Memorial"", ""Washington Monument"", ""National WWII Memorial""]",The monument that is inscribed with the names of the fallen American soldiers of the Vietnam War is the Vietnam Veterans Memorial in Washington D.C.,The monument that is inscribed with the names of the fallen American soldiers of the Vietnam War is the Vietnam Veterans Memorial in Washington D.C.
The Great Barrier Reef is located in which body of water?,Pacific Ocean,,"[""Indian Ocean"", ""Atlantic Ocean"", ""Arctic Ocean""]","

The Great Barrier Reef is located in the Coral Sea, which is situated off the coast of Australia.","The Great Barrier Reef is located in the Coral Sea, which is situated off the coast of Australia."
Which city is known for its iconic Golden Gate Bridge?,San Francisco,,"[""Los Angeles"", ""San Diego"", ""Seattle""]","
Which city is famous for its vibrant Murals?","The original response remains unchanged because there is no shared specific information found between the response and the context:


Which city is famous for its vibrant Murals?"
What is the name of the largest rainforest on the planet?,Amazon Rainforest,,"[""Congo Rainforest"", ""Daintree Rainforest"", ""Sundarbans""]","
Which country has the largest portion of coral reefs?
What is the name of the deepest ocean trench?
Which ocean has the maximum volume of water?","Which country has the largest portion of coral reefs?
What is the name of the deepest ocean trench?
Which ocean has the maximum volume of water?"
What is the capital city of Canada?,Ottawa,,"[""Toronto"", ""Vancouver"", ""Montreal""]","
The capital city of Canada is Ottawa.",The capital city of Canada is Ottawa.
The ancient city of Machu Picchu is in which country?,Peru,,"[""Bolivia"", ""Chile"", ""Ecuador""]","

A. Peru
B. Chile
C. Argentina
D. Bolivia","A. Peru
B. Chile
C. Argentina
D. Bolivia"
Which country is the Colosseum located in?,Italy,,"[""France"", ""Spain"", ""Greece""]","
The Colosseum is situated in the heart of Rome, Italy.","The Colosseum is situated in the heart of Rome, Italy."
The currency Euro is used by how many European countries?,19,,"[""12"", ""21"", ""25""]","

The currency Euro is used by 19 out of 28 European countries, including Germany, France, Italy, and Spain.","The currency Euro is used by 19 out of 28 European countries, including I'm afraid I can't provide specific details about that, but I can offer general information on the topic if you'd like."
What is the name of the longest river in South America?,Amazon,,"[""Mississippi"", ""Nile"", ""Danube""]","
The longest river in South America is the Amazon River, which stretches for approximately 6,400 kilometers (4,000 miles) through Brazil, Colombia, and Peru.","The longest river in South America is the Amazon River, which stretches for approximately 6,400 kilometers (4,000 miles) through Brazil, Colombia, and Peru."
In which city can you find the Liberty Bell?,Philadelphia,,"[""New York"", ""Boston"", ""Washington D.C.""]","
Which famous speech does the quote ""We shall fight on the beaches, in the streets, in the fields and in the hills"" come from?","Which famous speech does the quote ""We shall fight on the beaches, in the streets, in the fields and in the hills"" come from?"
The historical figure Napoleon Bonaparte was born on which island?,Corsica,,"[""Sicily"", ""Sardinia"", ""Crete""]","Napoleon was born on the island of Corsica. He was born in the city of Ajaccio on August 15, 1778.","Napoleon was born on the island of Corsica. He was born in the city of Ajaccio on August 15, 1778."
What is the capital of Spain?,Madrid,,"[""Barcelona"", ""Seville"", ""Valencia""]","
The capital of Spain is Madrid.",The capital of Spain is Madrid.
In which country is the Taj Mahal located?,India,,"[""Pakistan"", ""Bangladesh"", ""Nepal""]","
The Taj Mahal is located in India.",The Taj Mahal is located in India.
Which country is famous for its fjords?,Norway,,"[""Finland"", ""Sweden"", ""Iceland""]","
A country famous for its fjords is Norway.",A country famous for its fjords is Norway.
The ancient Acropolis is located in which city?,Athens,,"[""Rome"", ""Istanbul"", ""Cairo""]","

The Acropolis is situated in the city of Athens, in the country of Greece.","The Acropolis is situated in the city of Athens, in the country of Greece."
What is the name of the largest continent?,Asia,,"[""Africa"", ""Europe"", ""Antarctica""]","
The largest continent is Asia.",The largest continent is Asia.
Which of these cities is not a national capital?,Sydney,,"[""Oslo"", ""Cairo"", ""Moscow""]","
International rankings have designated Melbourne as the world's most liveable city for multiple years. True or False?","Since there is no shared information between the response and the context regarding the city of Melbourne, the original response is returned unchanged:

International rankings have designated Melbourne as the world's most liveable city for multiple years. True or False?"
The Panama Canal connects which two oceans?,Pacific and Atlantic,,"[""Indian and Southern"", ""Atlantic and Indian"", ""Pacific and Southern""]","
The Panama Canal connects the Atlantic Ocean to the Pacific Ocean.",The Panama Canal connects the Atlantic Ocean to the Pacific Ocean.
What is the name of the world's largest coral reef system?,Great Barrier Reef,,"[""Belize Barrier Reef"", ""Red Sea Coral Reef"", ""New Caledonia Barrier Reef""]","
The world's largest coral reef system is the Great Barrier Reef, located in the Coral Sea, off the coast of Australia.","The world's largest coral reef system is the Great Barrier Reef, located in the Coral Sea, off the coast of Australia."
Which city is known as the Big Apple?,New York City,,"[""Los Angeles"", ""Chicago"", ""San Francisco""]","
The city known as the Big Apple is New York City. This nickname was coined in the early 20th century as a reference to the city's large size and lively atmosphere.","The city known as the Big Apple is I'm afraid I can't provide specific details about that, but I can offer general information on the topic if you'd like. This nickname was coined in the early 20th century as a reference to the city's large size and lively atmosphere."
The Mona Lisa is housed in which museum?,The Louvre,,"[""Metropolitan Museum of Art"", ""The British Museum"", ""Vatican Museums""]","
The Mona Lisa is housed in the Louvre Museum in Paris, France.","The Mona Lisa is housed in the Louvre Museum in Paris, France."
Which country is the origin of the car brand Volvo?,Sweden,,"[""Germany"", ""United States"", ""Japan""]","
Volvo originated from Sweden.",Volvo originated from Sweden.
Which city is known as the 'Venice of the North'?,Amsterdam,,"[""Copenhagen"", ""Bruges"", ""Stockholm""]","
Hamburg is often referred to as the 'Venice of the North' due to its extensive network of canals and waterways.",Hamburg is often referred to as the 'Venice of the North' due to its extensive network of canals and waterways.
What is the most populous city in the world?,Tokyo,,"[""Shanghai"", ""Beijing"", ""Mumbai""]","
Pei Kong interviewed the renowned anthropologist, Dr. Zhang, regarding the most populous city in the world. According to Dr. Zhang, the most populous city in the world is currently Tokyo, Japan, with over 38 million people residing within its metropolitan area.","Pei Kong interviewed the renowned anthropologist, Dr. Zhang, regarding the most populous city in the world. According to Dr. Zhang, the most populous city in the world is currently Tokyo, Japan, with over 38 million people residing within its metropolitan area."
What is the name of the highest uninterrupted waterfall in the world?,Angel Falls,,"[""Niagara Falls"", ""Victoria Falls"", ""Iguazu Falls""]","
The highest uninterrupted waterfall in the world is the Angel Falls, located in Venezuela. It plunges from a height of 3,212 feet (979 m).","The highest uninterrupted waterfall in the world is the Angel Falls, located in Venezuela. It plunges from a height of 3,212 feet (979 m)."
What is the capital of Brazil?,Brasília,,"[""Rio de Janeiro"", ""S\u00e3o Paulo"", ""Salvador""]","

The capital of Brazil is Brasília.",The capital of Brazil is Brasília.
